link,name,party,phonenumber,region,twitter
https://members.parliament.uk/member/4069/contact,Peter Aldous,Conservative,020 7219 7182,Hackney North and Stoke Newington,https://twitter.com/peter_aldous
https://members.parliament.uk/member/4741/contact,Nickie Aiken,Conservative,0207 219 4553,Hackney North and Stoke Newington,https://twitter.com/twocitiesnickie
https://members.parliament.uk/member/4841/contact,Imran Ahmad Khan,Independent,0207 219 3000,Hackney North and Stoke Newington,https://twitter.com/imranahmadkhan
https://members.parliament.uk/member/1586/contact,Adam Afriyie,Conservative,020 7219 8023,Hackney North and Stoke Newington,https://twitter.com/AdamAfriyie
https://members.parliament.uk/member/4639/contact,Bim Afolami,Conservative,bim.afolami.mp@parliament.uk,Hackney North and Stoke Newington,https://twitter.com/BimAfolami
https://members.parliament.uk/member/4057/contact,Nigel Adams,Conservative,020 7219 7141,Hackney North and Stoke Newington,
https://members.parliament.uk/member/4212/contact,Debbie Abrahams,Labour,020 7219 1041 Fax: 0207 219 2405,Hackney North and Stoke Newington,https://twitter.com/Debbie_abrahams
https://members.parliament.uk/member/172/contact,Ms Diane Abbott,Labour,020 7219 4426,Hackney North and Stoke Newington,https://twitter.com/HackneyAbbott
https://members.parliament.uk/member/4623/contact,Tonia Antoniazzi,Labour,0207 219 1199,Hackney North and Stoke Newington,https://twitter.com/ToniaAntoniazzi
https://members.parliament.uk/member/4512/contact,Caroline Ansell,Conservative,020 7219 3000,Hackney North and Stoke Newington,https://twitter.com/caroline_ansell
https://members.parliament.uk/member/4032/contact,Stuart Andrew,Conservative,020 7219 7130,Hackney North and Stoke Newington,https://twitter.com/stuartandrew
https://members.parliament.uk/member/4742/contact,Stuart Anderson,Conservative,0207 219 3000,Hackney North and Stoke Newington,
https://members.parliament.uk/member/4743/contact,Lee Anderson,Conservative,0207 219 3000,Hackney North and Stoke Newington,
https://members.parliament.uk/member/4788/contact,Fleur Anderson,Labour,0207 219 3000,Hackney North and Stoke Newington,
https://members.parliament.uk/member/44/contact,Sir David Amess,Conservative,020 7219 3452,Hackney North and Stoke Newington,https://twitter.com/amessd_southend
https://members.parliament.uk/member/4667/contact,Mike Amesbury,Labour,0207 219 2072,Hackney North and Stoke Newington,https://twitter.com/MikeAmesburymp
https://members.parliament.uk/member/4573/contact,Dr Rosena Allin-Khan,Labour,020 3621 2509,Hackney North and Stoke Newington,https://twitter.com/DrRosena
https://members.parliament.uk/member/4411/contact,Lucy Allan,Conservative,020 7219 4815,Hackney North and Stoke Newington,https://twitter.com/lucyallan
https://members.parliament.uk/member/4747/contact,Tahir Ali,Labour,0207 219 3000,Hackney North and Stoke Newington,
https://members.parliament.uk/member/4138/contact,Rushanara Ali,Labour,020 7219 7200,Hackney North and Stoke Newington,https://twitter.com/rushanaraali
https://members.parliament.uk/member/4107/contact,Harriett Baldwin,Conservative,020 7219 3000,Charnwood,https://twitter.com/HBaldwinMP
https://members.parliament.uk/member/4064/contact,Mr Steve Baker,Conservative,020 7219 3547,Charnwood,https://twitter.com/stevebakerhw
https://members.parliament.uk/member/4784/contact,Duncan Baker,Conservative,0207 219 3000,Charnwood,
https://members.parliament.uk/member/4847/contact,Siobhan Baillie,Conservative,0207 219 3000,Charnwood,
https://members.parliament.uk/member/4790/contact,Apsana Begum,Labour,0207 219 6826,Charnwood,
https://members.parliament.uk/member/328/contact,Margaret Beckett,Labour,020 7219 5135; 020 7219 2088; Fax 020 7219 4780,Charnwood,
https://members.parliament.uk/member/4800/contact,Simon Baynes,Conservative,0207 219 3000,Charnwood,https://twitter.com/baynes_simon
https://members.parliament.uk/member/1390/contact,Mr John Baron,Conservative,020 7219 8138,Charnwood,
https://members.parliament.uk/member/4828/contact,Paula Barker,Labour,0207 219 3000,Charnwood,
https://members.parliament.uk/member/4486/contact,Hannah Bardell,Scottish National Party,020 7219 5907,Charnwood,https://twitter.com/hannahb4livimp
https://members.parliament.uk/member/4095/contact,Steve Barclay,Conservative,020 7219 7117,Charnwood,https://twitter.com/SteveBarclayMP
https://members.parliament.uk/member/4757/contact,Shaun Bailey,Conservative,0121 389 4419,Charnwood,https://twitter.com/shaun4wbw
https://members.parliament.uk/member/4597/contact,Kemi Badenoch,Conservative,0207 219 1943,Charnwood,https://twitter.com/KemiBadenoch
https://members.parliament.uk/member/1451/contact,Mr Richard Bacon,Conservative,020 7219 8301,Charnwood,
https://members.parliament.uk/member/4798/contact,Gareth Bacon,Conservative,0207 219 6806,Charnwood,https://twitter.com/garethbaconmp
https://members.parliament.uk/member/4399/contact,Victoria Atkins,Conservative,020 7219 5897,Charnwood,
https://members.parliament.uk/member/4855/contact,Sarah Atherton,Conservative,0207 219 4885,Charnwood,
https://members.parliament.uk/member/4244/contact,Jonathan Ashworth,Labour (Co-op),0207 219 3000,Charnwood,https://twitter.com/JonAshworth
https://members.parliament.uk/member/4110/contact,Karen Bradley,Conservative,020 7219 7215,Newcastle-under-Lyme,
https://members.parliament.uk/member/4663/contact,Ben Bradley,Conservative,0207 219 3594,Newcastle-under-Lyme,https://twitter.com/bbradleymp
https://members.parliament.uk/member/4601/contact,Andrew Bowie,Conservative,0207 219 2791,Newcastle-under-Lyme,
https://members.parliament.uk/member/117/contact,Sir Peter Bottomley,Conservative,020 7219 5060,Newcastle-under-Lyme,
https://members.parliament.uk/member/4748/contact,Steven Bonnar,Scottish National Party,0207 219 3000,Newcastle-under-Lyme,
https://members.parliament.uk/member/1581/contact,Mr Peter Bone,Conservative,020 7219 8496,Newcastle-under-Lyme,https://twitter.com/PeterBoneMP
https://members.parliament.uk/member/104/contact,Crispin Blunt,Conservative,020 7219 2254,Newcastle-under-Lyme,https://twitter.com/crispinbluntmp
https://members.parliament.uk/member/4058/contact,Paul Blomfield,Labour,020 7219 7142,Newcastle-under-Lyme,https://twitter.com/PaulBlomfieldMP
https://members.parliament.uk/member/4864/contact,Olivia Blake,Labour,0207 219 3552,Newcastle-under-Lyme,https://twitter.com/_oliviablake
https://members.parliament.uk/member/4357/contact,Kirsty Blackman,Scottish National Party,020 7219 8791,Newcastle-under-Lyme,https://twitter.com/KirstySNP
https://members.parliament.uk/member/4005/contact,Bob Blackman,Conservative,020 7219 7082,Newcastle-under-Lyme,https://twitter.com/BobBlackmanMP
https://members.parliament.uk/member/4390/contact,Ian Blackford,Scottish National Party,0207 219 3494,Newcastle-under-Lyme,
https://members.parliament.uk/member/4421/contact,Mhairi Black,Scottish National Party,020 7219 5558,Newcastle-under-Lyme,https://twitter.com/MhairiBlack
https://members.parliament.uk/member/4818/contact,Saqib Bhatti,Conservative,0207 219 3423,Newcastle-under-Lyme,https://twitter.com/bhatti_saqib
https://members.parliament.uk/member/394/contact,Mr Clive Betts,Labour,020 7219 5114,Newcastle-under-Lyme,
https://members.parliament.uk/member/4060/contact,Jake Berry,Conservative,020 7219 7214,Newcastle-under-Lyme,https://twitter.com/jakeberry
https://members.parliament.uk/member/103/contact,Sir Paul Beresford,Conservative,020 7219 5018,Newcastle-under-Lyme,
https://members.parliament.uk/member/199/contact,Ms Karen Buck,Labour,020 7219 3000,Exeter,https://twitter.com/KarenPBuckMP
https://members.parliament.uk/member/4821/contact,Felicity Buchan,Conservative,0207 219 6732,Exeter,
https://members.parliament.uk/member/1446/contact,Chris Bryant,Labour,020 7219 8315,Exeter,
https://members.parliament.uk/member/3958/contact,Fiona Bruce,Conservative,020 7219 7042,Exeter,
https://members.parliament.uk/member/4801/contact,Anthony Browne,Conservative,0207 219 8089,Exeter,https://twitter.com/ab4scambs
https://members.parliament.uk/member/523/contact,Mr Nicholas Brown,Labour,020 7219 6814,Exeter,
https://members.parliament.uk/member/1583/contact,Ms Lyn Brown,Labour,020 7219 6999,Exeter,https://twitter.com/lynbrownmp
https://members.parliament.uk/member/4470/contact,Alan Brown,Scottish National Party,020 7219 6093,Exeter,https://twitter.com/alanbrownsnp
https://members.parliament.uk/member/1530/contact,James Brokenshire,Conservative,020 7219 8400,Exeter,https://twitter.com/JBrokenshire
https://members.parliament.uk/member/4417/contact,Deidre Brock,Scottish National Party,020 7219 6647,Exeter,https://twitter.com/deidrebrock
https://members.parliament.uk/member/4838/contact,Sara Britcliffe,Conservative,0207 219 3000,Exeter,
https://members.parliament.uk/member/4792/contact,Paul Bristow,Conservative,020 7219 3690,Exeter,https://twitter.com/paulbristow79
https://members.parliament.uk/member/4067/contact,Steve Brine,Conservative,020 7219 7189,Exeter,
https://members.parliament.uk/member/4133/contact,Andrew Bridgen,Conservative,020 7219 7238,Exeter,https://twitter.com/ABridgen
https://members.parliament.uk/member/4643/contact,Jack Brereton,Conservative,0207 219 4460,Exeter,
https://members.parliament.uk/member/1400/contact,Kevin Brennan,Labour,020 7219 8156,Exeter,https://twitter.com/KevinBrennanMP
https://members.parliament.uk/member/4475/contact,Suella Braverman,Conservative,020 7219 8191,Exeter,https://twitter.com/suellabraverman
https://members.parliament.uk/member/4865/contact,Miriam Cates,Conservative,0207 219 3000,South Swindon,
https://members.parliament.uk/member/288/contact,Sir William Cash,Conservative,020 7219 6330,South Swindon,https://twitter.com/BillCashMP
https://members.parliament.uk/member/4519/contact,James Cartlidge,Conservative,020 7219 4875,South Swindon,https://twitter.com/jc4southsuffolk
https://members.parliament.uk/member/4791/contact,Andy Carter,Conservative,0207 219 3000,South Swindon,
https://members.parliament.uk/member/1442/contact,Mr Alistair Carmichael,Liberal Democrat,020 7219 8181,South Swindon,https://twitter.com/amcarmichaelMP
https://members.parliament.uk/member/4651/contact,Dan Carden,Labour,0207 219 2673,South Swindon,https://twitter.com/DanCardenMP
https://members.parliament.uk/member/1409/contact,Mr Gregory Campbell,Democratic Unionist Party,020 7219 8495,South Swindon,
https://members.parliament.uk/member/529/contact,Sir Alan Campbell,Labour,020 7219 6619,South Swindon,https://twitter.com/alancampbellmp
https://members.parliament.uk/member/4412/contact,Dr Lisa Cameron,Scottish National Party,020 7219 6855,South Swindon,https://twitter.com/DrLisaCameronMP
https://members.parliament.uk/member/4770/contact,Amy Callaghan,Scottish National Party,0207 219 3000,South Swindon,
https://members.parliament.uk/member/4086/contact,Alun Cairns,Conservative,020 7219 7175,South Swindon,https://twitter.com/AlunCairns
https://members.parliament.uk/member/4389/contact,Ruth Cadbury,Labour,020 7219 8590,South Swindon,https://twitter.com/ruthcadbury
https://members.parliament.uk/member/1171/contact,Liam Byrne,Labour,020 7219 6953,South Swindon,https://twitter.com/LiamByrneMP
https://members.parliament.uk/member/4831/contact,Ian Byrne,Labour,0207 219 3000,South Swindon,
https://members.parliament.uk/member/4745/contact,Rob Butler,Conservative,0207 219 3000,South Swindon,
https://members.parliament.uk/member/1489/contact,Dawn Butler,Labour,020 7219 8591,South Swindon,https://twitter.com/dawnbutlerbrent
https://members.parliament.uk/member/4775/contact,Elliot Colburn,Conservative,0207 219 3000,Lewes,https://twitter.com/ElliotColburn
https://members.parliament.uk/member/4098/contact,Dr Thérèse Coffey,Conservative,020 7219 7164,Lewes,https://twitter.com/theresecoffey
https://members.parliament.uk/member/249/contact,Sir Geoffrey Clifton-Brown,Conservative,020 7219 5147,Lewes,
https://members.parliament.uk/member/4366/contact,James Cleverly,Conservative,020 7219 8593,Lewes,https://twitter.com/jamescleverly
https://members.parliament.uk/member/4835/contact,Chris Clarkson,Conservative,0207 219 3000,Lewes,
https://members.parliament.uk/member/4756/contact,Brendan Clarke-Smith,Conservative,0207 219 3000,Lewes,https://twitter.com/Bren4Bassetlaw
https://members.parliament.uk/member/4819/contact,Theo Clarke,Conservative,01785 245444,Lewes,
https://members.parliament.uk/member/4655/contact,Mr Simon Clarke,Conservative,0207 219 2674,Lewes,https://twitter.com/SimonClarke84
https://members.parliament.uk/member/1578/contact,Greg Clark,Conservative,020 7219 6977,Lewes,https://twitter.com/gregclarkmp
https://members.parliament.uk/member/4822/contact,Feryal Clark,Labour,0207 219 3000,Lewes,https://twitter.com/FeryalClark
https://members.parliament.uk/member/4380/contact,Jo Churchill,Conservative,020 7219 8487,Lewes,https://twitter.com/jochurchill4
https://members.parliament.uk/member/242/contact,Sir Christopher Chope,Conservative,020 7219 5808,Lewes,
https://members.parliament.uk/member/3987/contact,Rehman Chishti,Conservative,020 7219 7075,Lewes,https://twitter.com/Rehman_Chishti
https://members.parliament.uk/member/4419/contact,Joanna Cherry,Scottish National Party,020 7219 6646,Lewes,https://twitter.com/joannaccherry
https://members.parliament.uk/member/4610/contact,Bambos Charalambous,Labour,0207 219 3460,Lewes,https://twitter.com/BambosMP
https://members.parliament.uk/member/4402/contact,Douglas Chapman,Scottish National Party,020 7219 6888,Lewes,https://twitter.com/dougchapmansnp
https://members.parliament.uk/member/4122/contact,Alex Cunningham,Labour,020 7219 7157,Folkestone and Hythe,https://twitter.com/ACunninghamMP
https://members.parliament.uk/member/4391/contact,Judith Cummins,Labour,020 7219 8607,Folkestone and Hythe,https://twitter.com/judithcummins
https://members.parliament.uk/member/181/contact,John Cryer,Labour,020 7219 7100,Folkestone and Hythe,
https://members.parliament.uk/member/1406/contact,Jon Cruddas,Labour,020 7219 8161,Folkestone and Hythe,https://twitter.com/JonCruddas_1
https://members.parliament.uk/member/3950/contact,Tracey Crouch,Conservative,020 7219 7203,Folkestone and Hythe,https://twitter.com/tracey_crouch
https://members.parliament.uk/member/4859/contact,Virginia Crosbie,Conservative,0207 219 3000,Folkestone and Hythe,
https://members.parliament.uk/member/4088/contact,Stella Creasy,Labour (Co-op),020 7219 6980,Folkestone and Hythe,https://twitter.com/stellacreasy
https://members.parliament.uk/member/4469/contact,Angela Crawley,Scottish National Party,020 7219 6044,Folkestone and Hythe,https://twitter.com/angelacrawley30
https://members.parliament.uk/member/1554/contact,Stephen Crabb,Conservative,020 7219 0907,Folkestone and Hythe,https://twitter.com/SCrabbMP
https://members.parliament.uk/member/4368/contact,Neil Coyle,Labour,020 7232 4640,Folkestone and Hythe,https://twitter.com/coyleneil
https://members.parliament.uk/member/1508/contact,Sir Geoffrey Cox,Conservative,020 7219 4719,Folkestone and Hythe,https://twitter.com/Geoffrey_Cox
https://members.parliament.uk/member/4465/contact,Ronnie Cowan,Scottish National Party,020 7219 6122,Folkestone and Hythe,https://twitter.com/ronniecowan
https://members.parliament.uk/member/4806/contact,Claire Coutinho,Conservative,0207 219 5972,Folkestone and Hythe,
https://members.parliament.uk/member/4589/contact,Robert Courts,Conservative,0207 219 5638,Folkestone and Hythe,https://twitter.com/robertcourts
https://members.parliament.uk/member/4439/contact,Alberto Costa,Conservative,020 7219 4936,Folkestone and Hythe,https://twitter.com/albertocostamp
https://members.parliament.uk/member/185/contact,Jeremy Corbyn,Independent,020 7219 3545,Folkestone and Hythe,https://twitter.com/jeremycorbyn
https://members.parliament.uk/member/420/contact,Yvette Cooper,Labour,020 7219 5080,Folkestone and Hythe,https://twitter.com/YvetteCooperMP
https://members.parliament.uk/member/1425/contact,Mr Jonathan Djanogly,Conservative,020 7219 2367,Lewisham East,https://twitter.com/JDjanogly
https://members.parliament.uk/member/4816/contact,Miss Sarah Dines,Conservative,0207 219 3000,Lewisham East,
https://members.parliament.uk/member/4008/contact,Caroline Dinenage,Conservative,020 7219 7078; 020 7219 0198,Lewisham East,https://twitter.com/cj_dinenage
https://members.parliament.uk/member/4638/contact,Mr Tanmanjeet Singh Dhesi,Labour,0207 219 1946,Lewisham East,https://twitter.com/TanDhesi
https://members.parliament.uk/member/4433/contact,Thangam Debbonaire,Labour,0207 219 0974,Lewisham East,https://twitter.com/thangammp
https://members.parliament.uk/member/4676/contact,Marsha De Cordova,Labour,0207 924 1973,Lewisham East,https://twitter.com/Marshadecordova
https://members.parliament.uk/member/4488/contact,Martyn Day,Scottish National Party,020 7219 5930,Lewisham East,https://twitter.com/MartynDaySNP
https://members.parliament.uk/member/4737/contact,Dehenna Davison,Conservative,0207 219 3000,Lewisham East,https://twitter.com/DehennaDavison
https://members.parliament.uk/member/373/contact,Mr David Davis,Conservative,020 7219 5900,Lewisham East,
https://members.parliament.uk/member/4849/contact,Alex Davies-Jones,Labour,0207 219 4981,Lewisham East,https://twitter.com/AlexDaviesJones
https://members.parliament.uk/member/1565/contact,Philip Davies,Conservative,020 7219 8264,Lewisham East,https://twitter.com/philipdaviesuk
https://members.parliament.uk/member/4513/contact,Mims Davies,Conservative,020 7219 6853,Lewisham East,https://twitter.com/mimsdavies
https://members.parliament.uk/member/4476/contact,Dr James Davies,Conservative,020 7219 3000,Lewisham East,
https://members.parliament.uk/member/155/contact,Geraint Davies,Labour (Co-op),020 7219 7166,Lewisham East,https://twitter.com/GeraintDaviesMP
https://members.parliament.uk/member/4850/contact,Gareth Davies,Conservative,0207 219 3443,Lewisham East,https://twitter.com/garethdavies_mp
https://members.parliament.uk/member/1545/contact,David T C Davies,Conservative,020 7219 3000,Lewisham East,https://twitter.com/davidtcdavies
https://members.parliament.uk/member/152/contact,Sir Iain Duncan Smith,Conservative,020 7219 2667/2664,Aldershot,
https://members.parliament.uk/member/4606/contact,David Duguid,Conservative,0207 219 2819,Aldershot,https://twitter.com/david_duguid
https://members.parliament.uk/member/4616/contact,Rosie Duffield,Labour,0207 219 1183,Aldershot,https://twitter.com/RosieDuffield1
https://members.parliament.uk/member/1559/contact,James Duddridge,Conservative,james@jamesduddridge.com,Aldershot,https://twitter.com/JamesDuddridge
https://members.parliament.uk/member/4459/contact,Mrs Flick Drummond,Conservative,020 7219 3000,Aldershot,
https://members.parliament.uk/member/3913/contact,Jack Dromey,Labour,020 7219 0903,Aldershot,https://twitter.com/JackDromeyMP
https://members.parliament.uk/member/4132/contact,Richard Drax,Conservative,020 7219 7051,Aldershot,
https://members.parliament.uk/member/4065/contact,Jackie Doyle-Price,Conservative,020 7219 7171,Aldershot,https://twitter.com/JACKIEDP
https://members.parliament.uk/member/4441/contact,Oliver Dowden,Conservative,020 7219 3415,Aldershot,
https://members.parliament.uk/member/4397/contact,Peter Dowd,Labour,020 7219 8671,Aldershot,https://twitter.com/peter_dowd
https://members.parliament.uk/member/4264/contact,Stephen Doughty,Labour (Co-op),020 7219 5348,Aldershot,https://twitter.com/SDoughtyMP
https://members.parliament.uk/member/4452/contact,Steve Double,Conservative,020 7219 4408,Aldershot,https://twitter.com/stevedouble
https://members.parliament.uk/member/1481/contact,Ms Nadine Dorries,Conservative,020 7219 5928,Aldershot,https://twitter.com/NadineDorries/with_replies
https://members.parliament.uk/member/4740/contact,Allan Dorans,Scottish National Party,020 7219 5965,Aldershot,
https://members.parliament.uk/member/4736/contact,Dave Doogan,Scottish National Party,0207 219 3000,Aldershot,https://twitter.com/davedoogansnp
https://members.parliament.uk/member/4530/contact,Michelle Donelan,Conservative,020 7219 4451,Aldershot,https://twitter.com/michelledonelan
https://members.parliament.uk/member/1198/contact,Sir David Evennett,Conservative,020 7219 8403,Ludlow,https://twitter.com/DavidEvennett
https://members.parliament.uk/member/474/contact,Mr Nigel Evans,Conservative,020 7219 6939,Ludlow,
https://members.parliament.uk/member/4781/contact,Dr Luke Evans,Conservative,0207 219 3000,Ludlow,https://twitter.com/drlukeevans
https://members.parliament.uk/member/4040/contact,Chris Evans,Labour (Co-op),020 7219 5025,Ludlow,
https://members.parliament.uk/member/3934/contact,George Eustice,Conservative,020 7219 7032,Ludlow,
https://members.parliament.uk/member/4061/contact,Bill Esterson,Labour,020 7219 0463,Ludlow,https://twitter.com/Bill_Esterson
https://members.parliament.uk/member/4870/contact,Florence Eshalomi,Labour (Co-op),0207 219 6552,Ludlow,
https://members.parliament.uk/member/4795/contact,Mrs Natalie Elphicke,Conservative,0207 219 7052,Ludlow,
https://members.parliament.uk/member/4572/contact,Chris Elmore,Labour,0207 219 3000,Ludlow,https://twitter.com/cpjelmore
https://members.parliament.uk/member/1487/contact,Mr Tobias Ellwood,Conservative,020 7219 4349,Ludlow,https://twitter.com/Tobias_Ellwood
https://members.parliament.uk/member/4116/contact,Michael Ellis,Conservative,020 7219 7220,Ludlow,https://twitter.com/Michael_Ellis1
https://members.parliament.uk/member/4127/contact,Julie Elliott,Labour,020 7219 7165,Ludlow,https://twitter.com/JulieElliottMP
https://members.parliament.uk/member/165/contact,Clive Efford,Labour,020 7219 4057,Ludlow,https://twitter.com/CliveEfford
https://members.parliament.uk/member/4808/contact,Ruth Edwards,Conservative,0207 219 3000,Ludlow,
https://members.parliament.uk/member/3943/contact,Jonathan Edwards,Independent,020 7219 3000,Ludlow,https://twitter.com/JonathanPlaid
https://members.parliament.uk/member/4807/contact,Mark Eastwood,Conservative,0207 219 3000,Ludlow,https://twitter.com/mark4dewsbury
https://members.parliament.uk/member/4753/contact,Mary Kelly Foy,Labour,0207 219 3000,Milton Keynes North,
https://members.parliament.uk/member/4491/contact,Vicky Foxcroft,Labour,020 7219 5934,Milton Keynes North,https://twitter.com/vickyfoxcroft
https://members.parliament.uk/member/223/contact,Dr Liam Fox,Conservative,020 7219 4198,Milton Keynes North,https://twitter.com/LiamFox
https://members.parliament.uk/member/4034/contact,Yvonne Fovargue,Labour,020 7219 3000,Milton Keynes North,https://twitter.com/Y_FovargueMP
https://members.parliament.uk/member/4451/contact,Kevin Foster,Conservative,020 7219 4711,Milton Keynes North,https://twitter.com/kevin_j_foster
https://members.parliament.uk/member/4674/contact,Vicky Ford,Conservative,0207 219 0138,Milton Keynes North,https://twitter.com/vickyford
https://members.parliament.uk/member/4735/contact,Stephen Flynn,Scottish National Party,0207 219 5151,Milton Keynes North,
https://members.parliament.uk/member/4832/contact,Nick Fletcher,Conservative,0207 219 5192,Milton Keynes North,https://twitter.com/NickFletcherMP
https://members.parliament.uk/member/4774/contact,Mark Fletcher,Conservative,020 7219 3662,Milton Keynes North,
https://members.parliament.uk/member/4834/contact,Katherine Fletcher,Conservative,0207 219 3000,Milton Keynes North,
https://members.parliament.uk/member/4378/contact,Colleen Fletcher,Labour,020 7219 8036,Milton Keynes North,
https://members.parliament.uk/member/4823/contact,John Finucane,Sinn Féin,0207 219 3000,Milton Keynes North,
https://members.parliament.uk/member/4386/contact,Margaret Ferrier,Independent,020 7219 3272,Milton Keynes North,https://twitter.com/MargaretFerrier
https://members.parliament.uk/member/4440/contact,Marion Fellows,Scottish National Party,020 7219 5784,Milton Keynes North,https://twitter.com/marionfellows
https://members.parliament.uk/member/4744/contact,Simon Fell,Conservative,0207 219 3000,Milton Keynes North,
https://members.parliament.uk/member/4856/contact,Stephen Farry,Alliance,0207 219 3000,Milton Keynes North,
https://members.parliament.uk/member/4126/contact,Mary Glindon,Labour,020 7219 3000,Rayleigh and Wickford,
https://members.parliament.uk/member/4051/contact,John Glen,Conservative,020 7219 2675,Rayleigh and Wickford,https://twitter.com/JohnGlenUK
https://members.parliament.uk/member/4633/contact,Paul Girvan,Democratic Unionist Party,0207 219 3987,Rayleigh and Wickford,https://twitter.com/PaulGirvanMP
https://members.parliament.uk/member/4603/contact,Preet Kaur Gill,Labour (Co-op),0207 219 2879,Rayleigh and Wickford,https://twitter.com/PreetKGillMP
https://members.parliament.uk/member/1416/contact,Michelle Gildernew,Sinn Féin,020 7219 1759,Rayleigh and Wickford,https://twitter.com/gildernewm
https://members.parliament.uk/member/4817/contact,Jo Gideon,Conservative,020 7219 8131,Rayleigh and Wickford,
https://members.parliament.uk/member/4754/contact,Peter Gibson,Conservative,0207 219 3000,Rayleigh and Wickford,
https://members.parliament.uk/member/4435/contact,Patricia Gibson,Scottish National Party,020 7219 5748,Rayleigh and Wickford,https://twitter.com/PGibsonSNP
https://members.parliament.uk/member/111/contact,Nick Gibb,Conservative,020 7219 6374,Rayleigh and Wickford,https://twitter.com/nickgibbuk
https://members.parliament.uk/member/4460/contact,Ms Nusrat Ghani,Conservative,020 7219 4619,Rayleigh and Wickford,https://twitter.com/nus_ghani
https://members.parliament.uk/member/4074/contact,Mark Garnier,Conservative,020 7219 7198,Rayleigh and Wickford,https://twitter.com/Mark4WyreForest
https://members.parliament.uk/member/146/contact,Barry Gardiner,Labour,020 7219 4046,Rayleigh and Wickford,https://twitter.com/BarryGardiner
https://members.parliament.uk/member/87/contact,Sir Roger Gale,Conservative,020 7219 4087,Rayleigh and Wickford,
https://members.parliament.uk/member/4446/contact,Mr Marcus Fysh,Conservative,020 7219 4527,Rayleigh and Wickford,https://twitter.com/marcusfysh
https://members.parliament.uk/member/4571/contact,Gill Furniss,Labour,0207 219 0364,Rayleigh and Wickford,https://twitter.com/gillfurnissmp
https://members.parliament.uk/member/3912/contact,Richard Fuller,Conservative,0207 219 8602,Rayleigh and Wickford,
https://members.parliament.uk/member/4004/contact,Mike Freer,Conservative,020 7219 7071,Rayleigh and Wickford,
https://members.parliament.uk/member/1506/contact,Andrew Gwynne,Labour,020 7219 4708,Scarborough and Whitby,https://twitter.com/GwynneMP
https://members.parliament.uk/member/4814/contact,Jonathan Gullis,Conservative,0207 219 3000,Scarborough and Whitby,https://twitter.com/jegullis
https://members.parliament.uk/member/4843/contact,James Grundy,Conservative,0207 219 3000,Scarborough and Whitby,
https://members.parliament.uk/member/4773/contact,Kate Griffiths,Conservative,0207 219 3000,Scarborough and Whitby,
https://members.parliament.uk/member/1541/contact,Nia Griffith,Labour,020 7219 4903,Scarborough and Whitby,https://twitter.com/NiaGriffithMP
https://members.parliament.uk/member/4874/contact,Andrew Griffith,Conservative,0207 219 4557,Scarborough and Whitby,https://twitter.com/griffitha
https://members.parliament.uk/member/4400/contact,Margaret Greenwood,Labour,020 7219 4608,Scarborough and Whitby,https://twitter.com/mgreenwoodww
https://members.parliament.uk/member/4029/contact,Lilian Greenwood,Labour,020 7219 7122,Scarborough and Whitby,https://twitter.com/LilianGreenwood
https://members.parliament.uk/member/4918/contact,Sarah Green,Liberal Democrat,0207 219 3000,Scarborough and Whitby,
https://members.parliament.uk/member/4120/contact,Kate Green,Labour,020 7219 7162,Scarborough and Whitby,https://twitter.com/KateGreenSU
https://members.parliament.uk/member/76/contact,Damian Green,Conservative,020 7219 3911,Scarborough and Whitby,https://twitter.com/damiangreenmp
https://members.parliament.uk/member/4398/contact,Chris Green,Conservative,020 7219 8685,Scarborough and Whitby,https://twitter.com/CGreenUK
https://members.parliament.uk/member/1413/contact,Chris Grayling,Conservative,020 7219 8194,Scarborough and Whitby,
https://members.parliament.uk/member/261/contact,James Gray,Conservative,020 7219 6237,Scarborough and Whitby,https://twitter.com/@JGray
https://members.parliament.uk/member/4466/contact,Peter Grant,Scottish National Party,020 7219 6349,Scarborough and Whitby,https://twitter.com/petergrantmp
https://members.parliament.uk/member/4018/contact,Mrs Helen Grant,Conservative,020 7219 7107,Scarborough and Whitby,https://twitter.com/HelenGrantMP
https://members.parliament.uk/member/350/contact,Sir John Hayes,Conservative,020 7219 1389,"Sheffield, Heeley",
https://members.parliament.uk/member/4636/contact,Chris Hazzard,Sinn Féin,0207 219 4004,"Sheffield, Heeley",https://twitter.com/ChrisHazzardSF
https://members.parliament.uk/member/4510/contact,Helen Hayes,Labour,020 7219 6971,"Sheffield, Heeley",https://twitter.com/helenhayes_
https://members.parliament.uk/member/3944/contact,Simon Hart,Conservative,020 7219 3000,"Sheffield, Heeley",https://twitter.com/Simonhartmp
https://members.parliament.uk/member/4842/contact,Sally-Ann Hart,Conservative,0207 219 5726,"Sheffield, Heeley",https://twitter.com/sallyann1066
https://members.parliament.uk/member/4593/contact,Trudy Harrison,Conservative,0207 219 4002,"Sheffield, Heeley",
https://members.parliament.uk/member/3948/contact,Rebecca Harris,Conservative,020 7219 7206,"Sheffield, Heeley",
https://members.parliament.uk/member/4480/contact,Carolyn Harris,Labour,020 7219 4316,"Sheffield, Heeley",https://twitter.com/carolynharris24
https://members.parliament.uk/member/1520/contact,Mr Mark Harper,Conservative,020 7219 5056,"Sheffield, Heeley",https://twitter.com/Mark_J_Harper
https://members.parliament.uk/member/150/contact,Ms Harriet Harman,Labour,020 7219 4218,"Sheffield, Heeley",https://twitter.com/HarrietHarman
https://members.parliament.uk/member/4645/contact,Emma Hardy,Labour,emma.hardy.mp@parliament.uk,"Sheffield, Heeley",https://twitter.com/EmmaHardyMP
https://members.parliament.uk/member/4782/contact,Neale Hanvey,Alba Party,0207 219 6877,"Sheffield, Heeley",https://twitter.com/JNHanvey
https://members.parliament.uk/member/4827/contact,Claire Hanna,Social Democratic & Labour Party,0207 219 3000,"Sheffield, Heeley",
https://members.parliament.uk/member/1526/contact,Greg Hands,Conservative,020 7219 0809,"Sheffield, Heeley",https://twitter.com/GregHands
https://members.parliament.uk/member/1585/contact,Stephen Hammond,Conservative,020 7219 3401,"Sheffield, Heeley",https://twitter.com/s_hammond
https://members.parliament.uk/member/4070/contact,Matt Hancock,Conservative,020 7219 7186,"Sheffield, Heeley",https://twitter.com/matthancock
https://members.parliament.uk/member/1522/contact,Adam Holloway,Conservative,020 7219 8402,North East Hertfordshire,
https://members.parliament.uk/member/1537/contact,Mr Philip Hollobone,Conservative,020 7219 8373,North East Hertfordshire,
https://members.parliament.uk/member/4474/contact,Kevin Hollinrake,Conservative,020 7219 4746,North East Hertfordshire,https://twitter.com/kevinhollinrake
https://members.parliament.uk/member/4363/contact,Kate Hollern,Labour,020 7219 8692,North East Hertfordshire,https://twitter.com/kate_hollernmp
https://members.parliament.uk/member/4813/contact,Mr Richard Holden,Conservative,0207 219 3059,North East Hertfordshire,https://twitter.com/RicHolden
https://members.parliament.uk/member/1521/contact,Mrs Sharon Hodgson,Labour,020 7219 5160,North East Hertfordshire,https://twitter.com/SharonHodgsonMP
https://members.parliament.uk/member/140/contact,Dame Margaret Hodge,Labour,020 7219 6666,North East Hertfordshire,https://twitter.com/margarethodge
https://members.parliament.uk/member/4494/contact,Simon Hoare,Conservative,020 7219 5697,North East Hertfordshire,https://twitter.com/simon4ndorset
https://members.parliament.uk/member/4602/contact,Wera Hobhouse,Liberal Democrat,020 7219 2093,North East Hertfordshire,https://twitter.com/Wera_Hobhouse
https://members.parliament.uk/member/3969/contact,Damian Hinds,Conservative,020 7219 7057,North East Hertfordshire,
https://members.parliament.uk/member/1524/contact,Dame Meg Hillier,Labour (Co-op),020 7219 5325,North East Hertfordshire,https://twitter.com/Meg_HillierMP
https://members.parliament.uk/member/4833/contact,Antony Higginbotham,Conservative,020 7219 8992,North East Hertfordshire,https://twitter.com/antony_hig
https://members.parliament.uk/member/4794/contact,Darren Henry,Conservative,0207 219 3000,North East Hertfordshire,
https://members.parliament.uk/member/4467/contact,Drew Hendry,Scottish National Party,020 7219 6118,North East Hertfordshire,https://twitter.com/drewhendrysnp
https://members.parliament.uk/member/473/contact,Sir Mark Hendrick,Labour (Co-op),020 7219 4791,North East Hertfordshire,
https://members.parliament.uk/member/4050/contact,Gordon Henderson,Conservative,020 7219 7144,North East Hertfordshire,
https://members.parliament.uk/member/4498/contact,Mr Ranil Jayawardena,Conservative,020 7219 3637,Eastleigh,https://twitter.com/ranil
https://members.parliament.uk/member/3945/contact,Sajid Javid,Conservative,020 7219 7027,Eastleigh,https://twitter.com/sajidjavid
https://members.parliament.uk/member/4243/contact,Dan Jarvis,Labour,0207 219 1082,Eastleigh,https://twitter.com/DanJarvisMP
https://members.parliament.uk/member/4634/contact,Christine Jardine,Liberal Democrat,0207 219 1701,Eastleigh,https://twitter.com/CajardineMP
https://members.parliament.uk/member/4619/contact,Mr Alister Jack,Conservative,0207 219 2994,Eastleigh,
https://members.parliament.uk/member/4394/contact,Imran Hussain,Labour,020 7219 8636,Eastleigh,https://twitter.com/Imran_HussainMP
https://members.parliament.uk/member/4511/contact,Dr Rupa Huq,Labour,020 7219 6865,Eastleigh,https://twitter.com/rupahuq
https://members.parliament.uk/member/4771/contact,Tom Hunt,Conservative,0207 219 3000,Eastleigh,
https://members.parliament.uk/member/1572/contact,Jeremy Hunt,Conservative,020 7219 6813,Eastleigh,https://twitter.com/Jeremy_Hunt
https://members.parliament.uk/member/4839/contact,Jane Hunt,Conservative,0207 219 8647,Eastleigh,https://twitter.com/JaneMHunt
https://members.parliament.uk/member/4635/contact,Eddie Hughes,Conservative,eddie.hughes.mp@parliament.uk,Eastleigh,https://twitter.com/EddieHughes4WN
https://members.parliament.uk/member/4853/contact,Dr Neil Hudson,Conservative,01768 484114,Eastleigh,
https://members.parliament.uk/member/4407/contact,Nigel Huddleston,Conservative,020 7219 5814,Eastleigh,https://twitter.com/huddlestonnigel
https://members.parliament.uk/member/467/contact,Sir Lindsay Hoyle,Speaker,020 7219 3515,Eastleigh,https://twitter.com/LindsayHoyle_MP
https://members.parliament.uk/member/4830/contact,Paul Howell,Conservative,0207 219 3000,Eastleigh,
https://members.parliament.uk/member/1606/contact,John Howell,Conservative,020 7219 6676,Eastleigh,https://twitter.com/JHowellUK
https://members.parliament.uk/member/4862/contact,Simon Jupp,Conservative,0207 219 3000,Harwich and North Essex,https://twitter.com/simonjamesjupp
https://members.parliament.uk/member/4631/contact,Sarah Jones,Labour,0207 219 2963,Harwich and North Essex,https://twitter.com/LabourSJ
https://members.parliament.uk/member/4716/contact,Ruth Jones,Labour,01633 256268,Harwich and North Essex,
https://members.parliament.uk/member/4024/contact,Mr Marcus Jones,Conservative,020 7219 7123,Harwich and North Essex,https://twitter.com/Marcus4Nuneaton
https://members.parliament.uk/member/1438/contact,Mr Kevan Jones,Labour,020 7219 8219,Harwich and North Essex,https://twitter.com/KevanJonesMP
https://members.parliament.uk/member/4501/contact,Gerald Jones,Labour,020 7219 5874,Harwich and North Essex,https://twitter.com/geraldjoneslab
https://members.parliament.uk/member/4763/contact,Fay Jones,Conservative,0207 219 5212,Harwich and North Essex,
https://members.parliament.uk/member/1502/contact,Mr David Jones,Conservative,020 7219 8070,Harwich and North Essex,
https://members.parliament.uk/member/4621/contact,Darren Jones,Labour,01179596545,Harwich and North Essex,https://twitter.com/darrenpjones
https://members.parliament.uk/member/3996/contact,Andrew Jones,Conservative,020 7219 3000,Harwich and North Essex,https://twitter.com/AJonesMP
https://members.parliament.uk/member/4761/contact,David Johnston,Conservative,0207 219 6350,Harwich and North Essex,https://twitter.com/david4wantage
https://members.parliament.uk/member/4824/contact,Kim Johnson,Labour,0207 219 3000,Harwich and North Essex,
https://members.parliament.uk/member/3970/contact,Gareth Johnson,Conservative,020 7219 7047,Harwich and North Essex,
https://members.parliament.uk/member/1533/contact,Dame Diana Johnson,Labour,020 7219 5647,Harwich and North Essex,https://twitter.com/DianaJohnsonMP
https://members.parliament.uk/member/4592/contact,Dr Caroline Johnson,Conservative,0207 219 5381,Harwich and North Essex,https://twitter.com/drcarolinej
https://members.parliament.uk/member/1423/contact,Boris Johnson,Conservative,020 7219 4682,Harwich and North Essex,https://twitter.com/borisjohnson
https://members.parliament.uk/member/4139/contact,Ian Lavery,Labour,020 7219 3000,Wythenshawe and Sale East,https://twitter.com/IanLaveryMP
https://members.parliament.uk/member/4025/contact,Mrs Pauline Latham,Conservative,020 7219 7110,Wythenshawe and Sale East,https://twitter.com/Pauline_Latham
https://members.parliament.uk/member/4852/contact,Robert Largan,Conservative,01663 769779,Wythenshawe and Sale East,
https://members.parliament.uk/member/4608/contact,John Lamont,Conservative,01450 375948,Wythenshawe and Sale East,https://twitter.com/John2Win
https://members.parliament.uk/member/206/contact,Mr David Lammy,Labour,020 7219 0767,Wythenshawe and Sale East,https://twitter.com/DavidLammy
https://members.parliament.uk/member/4630/contact,Ben Lake,Plaid Cymru,ben.lake.mp@parliament.uk,Wythenshawe and Sale East,https://twitter.com/BenMLake
https://members.parliament.uk/member/36/contact,Dame Eleanor Laing,Conservative,020 7219 2086,Wythenshawe and Sale East,https://twitter.com/EleanorLaingMP
https://members.parliament.uk/member/4505/contact,Peter Kyle,Labour,020 7219 6863,Wythenshawe and Sale East,https://twitter.com/peterkyle
https://members.parliament.uk/member/4134/contact,Kwasi Kwarteng,Conservative,020 7219 4017,Wythenshawe and Sale East,
https://members.parliament.uk/member/4858/contact,Danny Kruger,Conservative,01380 729358,Wythenshawe and Sale East,
https://members.parliament.uk/member/4410/contact,Julian Knight,Conservative,020 7219 3577,Wythenshawe and Sale East,https://twitter.com/julianknight15
https://members.parliament.uk/member/1200/contact,Sir Greg Knight,Conservative,020 7219 4077,Wythenshawe and Sale East,https://twitter.com/GregKnight
https://members.parliament.uk/member/4359/contact,Stephen Kinnock,Labour,020 7219 8801,Wythenshawe and Sale East,https://twitter.com/skinnock
https://members.parliament.uk/member/4671/contact,Afzal Khan,Labour,020 7219 3570,Wythenshawe and Sale East,https://twitter.com/Afzal4Gorton
https://members.parliament.uk/member/4026/contact,Liz Kendall,Labour,020 7219 3000,Wythenshawe and Sale East,https://twitter.com/leicesterliz
https://members.parliament.uk/member/1588/contact,Barbara Keeley,Labour,020 7219 8025,Wythenshawe and Sale East,https://twitter.com/KeeleyMP
https://members.parliament.uk/member/3989/contact,Jack Lopresti,Conservative,020 7219 7070,Dundee West,https://twitter.com/JackLopresti
https://members.parliament.uk/member/4647/contact,Julia Lopez,Conservative,0207 219 2631,Dundee West,https://twitter.com/JuliaLopezMP
https://members.parliament.uk/member/4789/contact,Marco Longhi,Conservative,020 7219 8598,Dundee West,https://twitter.com/marcolonghi4dn
https://members.parliament.uk/member/4396/contact,Rebecca Long Bailey,Labour,020 7219 5275,Dundee West,https://twitter.com/rlong_bailey
https://members.parliament.uk/member/4815/contact,Mark Logan,Conservative,0207 219 3000,Dundee West,
https://members.parliament.uk/member/4751/contact,Chris Loder,Conservative,020 7219 3912,Dundee West,https://twitter.com/chrisloder
https://members.parliament.uk/member/4857/contact,Carla Lockhart,Democratic Unionist Party,0207 219 3000,Dundee West,https://twitter.com/carlalockhart
https://members.parliament.uk/member/450/contact,Tony Lloyd,Labour,020 7219 1267,Dundee West,
https://members.parliament.uk/member/4640/contact,David Linden,Scottish National Party,0207 219 1801,Dundee West,https://twitter.com/DavidLinden
https://members.parliament.uk/member/1396/contact,Mr Ian Liddell-Grainger,Conservative,020 7219 8149,Dundee West,
https://members.parliament.uk/member/54/contact,Dr Julian Lewis,Conservative,020 7219 4179,Dundee West,
https://members.parliament.uk/member/4500/contact,Clive Lewis,Labour,020 7219 5593,Dundee West,https://twitter.com/labourlewis
https://members.parliament.uk/member/4009/contact,Brandon Lewis,Conservative,020 7219 7231,Dundee West,https://twitter.com/BrandonLewis
https://members.parliament.uk/member/4659/contact,Andrew Lewer,Conservative,0207 219 3870,Dundee West,https://twitter.com/ALewerMBE
https://members.parliament.uk/member/4277/contact,Mrs Emma Lewell-Buck,Labour,020 7219 4468,Dundee West,https://twitter.com/EmmaLewellBuck
https://members.parliament.uk/member/4749/contact,Ian Levy,Conservative,0207 219 3000,Dundee West,
https://members.parliament.uk/member/4245/contact,Paul Maskey,Sinn Féin,0207 219 3000,Woking,https://twitter.com/PaulMaskeyMP
https://members.parliament.uk/member/4471/contact,Rachael Maskell,Labour (Co-op),020 7219 4525,Woking,https://twitter.com/rachaelmaskell
https://members.parliament.uk/member/4496/contact,Scott Mann,Conservative,scott.mann.mp@parliament.uk,Woking,https://twitter.com/ScottMann4NC
https://members.parliament.uk/member/4768/contact,Julie Marson,Conservative,0207 219 2429,Woking,
https://members.parliament.uk/member/4762/contact,Anthony Mangnall,Conservative,0207 219 5579,Woking,https://twitter.com/anthonymangnal1
https://members.parliament.uk/member/4495/contact,Kit Malthouse,Conservative,020 7219 5605,Woking,https://twitter.com/kitmalthouse
https://members.parliament.uk/member/4253/contact,Seema Malhotra,Labour (Co-op),020 7219 8957,Woking,https://twitter.com/SeemaMalhotra1
https://members.parliament.uk/member/4484/contact,Alan Mak,Conservative,020 7219 6266,Woking,https://twitter.com/AlanMakMP
https://members.parliament.uk/member/3914/contact,Shabana Mahmood,Labour,0121 661 9440,Woking,https://twitter.com/ShabanaMahmood
https://members.parliament.uk/member/1392/contact,Mr Khalid Mahmood,Labour,020 7219 8141,Woking,
https://members.parliament.uk/member/4418/contact,Justin Madders,Labour,020 7219 6584,Woking,https://twitter.com/justinmadders
https://members.parliament.uk/member/1546/contact,Angus Brendan MacNeil,Scottish National Party,020 7219 8476,Woking,https://twitter.com/angusmacneilsnp
https://members.parliament.uk/member/4668/contact,Rachel Maclean,Conservative,0207 219 1848,Woking,https://twitter.com/redditchrachel
https://members.parliament.uk/member/4758/contact,Cherilyn Mackrory,Conservative,020 7219 3713,Woking,https://twitter.com/thisischerilyn
https://members.parliament.uk/member/4529/contact,Craig Mackinlay,Conservative,020 7219 4442,Woking,https://twitter.com/cmackinlay
https://members.parliament.uk/member/4772/contact,Kenny MacAskill,Alba Party,0207 219 3000,Woking,
https://members.parliament.uk/member/4632/contact,Anna McMorrin,Labour,0207 219 4307,City of Chester,https://twitter.com/annamcmorrin
https://members.parliament.uk/member/4569/contact,Jim McMahon,Labour (Co-op),020 7219 3000,City of Chester,https://twitter.com/JimfromOldham
https://members.parliament.uk/member/4437/contact,Anne McLaughlin,Scottish National Party,020 7219 3000,City of Chester,https://twitter.com/annemclaughlin
https://members.parliament.uk/member/4125/contact,Catherine McKinnell,Labour,020 7219 7115,City of Chester,https://twitter.com/catmckinnell
https://members.parliament.uk/member/4083/contact,Alison McGovern,Labour,020 7219 7190,City of Chester,https://twitter.com/Alison_McGovern
https://members.parliament.uk/member/1587/contact,Pat McFadden,Labour,020 7219 4036,City of Chester,https://twitter.com/patmcfaddenmp
https://members.parliament.uk/member/4458/contact,Conor McGinn,Labour,020 7219 4367,City of Chester,https://twitter.com/conormcginn
https://members.parliament.uk/member/178/contact,John McDonnell,Labour,0207 219 4100,City of Chester,https://twitter.com/johnmcdonnellMP
https://members.parliament.uk/member/4393/contact,Stuart C McDonald,Scottish National Party,020 7219 7758,City of Chester,https://twitter.com/stuart_mcdonald
https://members.parliament.uk/member/4461/contact,Stewart Malcolm McDonald,Scottish National Party,020 7219 6388,City of Chester,https://twitter.com/stewartmcdonald
https://members.parliament.uk/member/4269/contact,Andy McDonald,Labour,020 7219 4995,City of Chester,https://twitter.com/AndyMcDonaldMP
https://members.parliament.uk/member/4028/contact,Karl McCartney,Conservative,020 7219 3000,City of Chester,https://twitter.com/karlmccartney
https://members.parliament.uk/member/193/contact,Siobhain McDonagh,Labour,020 7219 4678,City of Chester,https://twitter.com/Siobhain_MP
https://members.parliament.uk/member/3953/contact,Jason McCartney,Conservative,0207 219 3000,City of Chester,https://twitter.com/JasonMcCartney
https://members.parliament.uk/member/1491/contact,Kerry McCarthy,Labour,020 7219 4510,City of Chester,https://twitter.com/KerryMP
https://members.parliament.uk/member/298/contact,Steve McCabe,Labour,020 7219 3509,City of Chester,https://twitter.com/steve_mccabe
https://members.parliament.uk/member/4861/contact,Robbie Moore,Conservative,0207 219 3000,Falkirk,https://twitter.com/_RobbieMoore
https://members.parliament.uk/member/4669/contact,Damien Moore,Conservative,01704 500577,Falkirk,https://twitter.com/damienmooremp
https://members.parliament.uk/member/4443/contact,Carol Monaghan,Scottish National Party,020 7219 6396,Falkirk,https://twitter.com/cmonaghansnp
https://members.parliament.uk/member/4274/contact,Francie Molloy,Sinn Féin,020 7219 3000,Falkirk,https://twitter.com/FrancieMolloy
https://members.parliament.uk/member/4804/contact,Mr Gagan Mohindra,Conservative,0207 219 3000,Falkirk,
https://members.parliament.uk/member/1211/contact,Mr Andrew Mitchell,Conservative,020 7219 8516,Falkirk,
https://members.parliament.uk/member/4811/contact,Navendu Mishra,Labour,navendu.mishra.mp@parliament.uk,Falkirk,https://twitter.com/NavPMishra
https://members.parliament.uk/member/4136/contact,Nigel Mills,Conservative,020 7219 7233,Falkirk,https://twitter.com/NigelMillsMP
https://members.parliament.uk/member/4454/contact,Amanda Milling,Conservative,amanda.milling.mp@parliament.uk,Falkirk,https://twitter.com/amandamilling
https://members.parliament.uk/member/1480/contact,Mrs Maria Miller,Conservative,020 7219 5749,Falkirk,https://twitter.com/Maria_MillerMP
https://members.parliament.uk/member/4746/contact,Robin Millar,Conservative,0207 219 3000,Falkirk,
https://members.parliament.uk/member/1510/contact,Edward Miliband,Labour,020 7219 7318,Falkirk,https://twitter.com/Ed_Miliband
https://members.parliament.uk/member/4092/contact,Stephen Metcalfe,Conservative,020 7219 7009,Falkirk,https://twitter.com/Metcalfe_SBET
https://members.parliament.uk/member/4442/contact,Huw Merriman,Conservative,020 7219 8712,Falkirk,https://twitter.com/huwmerriman
https://members.parliament.uk/member/4485/contact,Johnny Mercer,Conservative,johnny.mercer.mp@parliament.uk,Falkirk,https://twitter.com/JohnnyMercerUK
https://members.parliament.uk/member/3998/contact,Mark Menzies,Conservative,020 7219 7073,Falkirk,
https://members.parliament.uk/member/1601/contact,Sir Robert Neill,Conservative,020 7219 8169,Oxford West and Abingdon,https://twitter.com/neill_bob
https://members.parliament.uk/member/4082/contact,Lisa Nandy,Labour,020 7219 7188,Oxford West and Abingdon,https://twitter.com/lisanandy
https://members.parliament.uk/member/1466/contact,Dr Andrew Murrison,Conservative,01225 358584,Oxford West and Abingdon,https://twitter.com/murrisonMP
https://members.parliament.uk/member/4100/contact,Mrs Sheryll Murray,Conservative,020 7219 3000,Oxford West and Abingdon,https://twitter.com/sheryllmurray
https://members.parliament.uk/member/4797/contact,James Murray,Labour (Co-op),020 7219 3931,Oxford West and Abingdon,https://twitter.com/jamesmurray_ldn
https://members.parliament.uk/member/3966/contact,Ian Murray,Labour,020 7219 7064,Oxford West and Abingdon,https://twitter.com/IanMurrayMP
https://members.parliament.uk/member/1512/contact,David Mundell,Conservative,020 7219 4895,Oxford West and Abingdon,https://twitter.com/davidmundelldct
https://members.parliament.uk/member/4867/contact,Holly Mumby-Croft,Conservative,01724 276 644,Oxford West and Abingdon,
https://members.parliament.uk/member/4860/contact,Dr Kieran Mullan,Conservative,0207 219 3000,Oxford West and Abingdon,
https://members.parliament.uk/member/4358/contact,Wendy Morton,Conservative,020 7219 8784,Oxford West and Abingdon,https://twitter.com/morton_wendy
https://members.parliament.uk/member/4916/contact,Jill Mortimer,Conservative,0207 219 6358,Oxford West and Abingdon,
https://members.parliament.uk/member/4759/contact,Joy Morrissey,Conservative,0207 219 3000,Oxford West and Abingdon,
https://members.parliament.uk/member/3992/contact,James Morris,Conservative,020 7219 8715,Oxford West and Abingdon,https://twitter.com/JamesMorrisHRR
https://members.parliament.uk/member/3973/contact,Grahame Morris,Labour,020 7219 1283,Oxford West and Abingdon,https://twitter.com/grahamemorris
https://members.parliament.uk/member/4135/contact,David Morris,Conservative,020 7219 7234,Oxford West and Abingdon,https://twitter.com/davidmorrisml
https://members.parliament.uk/member/4249/contact,Anne Marie Morris,Conservative,020 7219 3000,Oxford West and Abingdon,https://twitter.com/AnneMarieMorris
https://members.parliament.uk/member/4653/contact,Stephen Morgan,Labour,0207 219 3906,Oxford West and Abingdon,https://twitter.com/stephenmorganmp
https://members.parliament.uk/member/4129/contact,Ian Paisley,Democratic Unionist Party,020 7219 7116,Paisley and Renfrewshire North,https://twitter.com/ianpaisleymp
https://members.parliament.uk/member/4777/contact,Sarah Owen,Labour,020 7219 8409,Paisley and Renfrewshire North,https://twitter.com/SarahOwen_
https://members.parliament.uk/member/4779/contact,Taiwo Owatemi,Labour,020 7219 5842,Paisley and Renfrewshire North,https://twitter.com/TaiwoOwatemi
https://members.parliament.uk/member/4413/contact,Kirsten Oswald,Scottish National Party,020 7219 3000,Paisley and Renfrewshire North,https://twitter.com/kirstenoswald
https://members.parliament.uk/member/4783/contact,Kate Osborne,Labour,0191 466 1509,Paisley and Renfrewshire North,
https://members.parliament.uk/member/4515/contact,Kate Osamor,Labour (Co-op),020 7219 6602,Paisley and Renfrewshire North,https://twitter.com/kateosamor
https://members.parliament.uk/member/4820/contact,Abena Oppong-Asare,Labour,0207 219 4892,Paisley and Renfrewshire North,https://twitter.com/abenaopp
https://members.parliament.uk/member/4142/contact,Guy Opperman,Conservative,guy.opperman@parliament.uk,Paisley and Renfrewshire North,https://twitter.com/GuyOpperman
https://members.parliament.uk/member/4124/contact,Chi Onwurah,Labour,020 7219 7114,Paisley and Renfrewshire North,https://twitter.com/ChiOnwurah
https://members.parliament.uk/member/4591/contact,Sarah Olney,Liberal Democrat,020 7219 4821,Paisley and Renfrewshire North,https://twitter.com/sarahjolney1
https://members.parliament.uk/member/4371/contact,Brendan O'Hara,Scottish National Party,020 7219 8783,Paisley and Renfrewshire North,https://twitter.com/brendanoharasnp
https://members.parliament.uk/member/4006/contact,Dr Matthew Offord,Conservative,020 7219 7083,Paisley and Renfrewshire North,https://twitter.com/Offord4Hendon
https://members.parliament.uk/member/4679/contact,Neil O'Brien,Conservative,0207 219 1802,Paisley and Renfrewshire North,https://twitter.com/NeilDotObrien
https://members.parliament.uk/member/4641/contact,Alex Norris,Labour (Co-op),0207 219 3899,Paisley and Renfrewshire North,https://twitter.com/alexnorrisnn
https://members.parliament.uk/member/3991/contact,Jesse Norman,Conservative,020 7219 7084,Paisley and Renfrewshire North,https://twitter.com/Jesse_Norman
https://members.parliament.uk/member/4048/contact,Caroline Nokes,Conservative,020 7219 7218,Paisley and Renfrewshire North,https://twitter.com/carolinenokes
https://members.parliament.uk/member/1576/contact,Mark Pritchard,Conservative,020 7219 8494,Tiverton and Honiton,https://twitter.com/MPritchardMP
https://members.parliament.uk/member/4401/contact,Victoria Prentis,Conservative,020 7219 8756,Tiverton and Honiton,https://twitter.com/victoriaprentis
https://members.parliament.uk/member/4263/contact,Lucy Powell,Labour (Co-op),020 7219 4402,Tiverton and Honiton,https://twitter.com/LucyMPowell
https://members.parliament.uk/member/4522/contact,Rebecca Pow,Conservative,020 7219 4831,Tiverton and Honiton,https://twitter.com/pow_rebecca
https://members.parliament.uk/member/3932/contact,Dr Dan Poulter,Conservative,020 7219 7038,Tiverton and Honiton,https://twitter.com/drdanpoulter
https://members.parliament.uk/member/4682/contact,Luke Pollard,Labour (Co-op),0207 219 2749,Tiverton and Honiton,https://twitter.com/LukePollard
https://members.parliament.uk/member/4075/contact,Christopher Pincher,Conservative,020 7219 7169,Tiverton and Honiton,https://twitter.com/ChrisPincher
https://members.parliament.uk/member/4503/contact,Chris Philp,Conservative,020 7219 8026,Tiverton and Honiton,https://twitter.com/chrisphilp_mp
https://members.parliament.uk/member/4046/contact,Bridget Phillipson,Labour,020 7219 7087,Tiverton and Honiton,https://twitter.com/bphillipsonMP
https://members.parliament.uk/member/4370/contact,Jess Phillips,Labour,020 7219 8703,Tiverton and Honiton,https://twitter.com/jessphillips
https://members.parliament.uk/member/3952/contact,Mr Toby Perkins,Labour,020 7219 2320,Tiverton and Honiton,https://twitter.com/tobyperkinsmp
https://members.parliament.uk/member/3939/contact,Andrew Percy,Conservative,020 7219 7208,Tiverton and Honiton,
https://members.parliament.uk/member/1584/contact,John Penrose,Conservative,020 7219 2385,Tiverton and Honiton,https://twitter.com/JohnPenroseNews
https://members.parliament.uk/member/4520/contact,Matthew Pennycook,Labour,020 7219 6280,Tiverton and Honiton,https://twitter.com/mtpennycook
https://members.parliament.uk/member/4607/contact,Stephanie Peacock,Labour,0207 219 4129,Tiverton and Honiton,https://twitter.com/Steph_Peacock
https://members.parliament.uk/member/1528/contact,Sir Mike Penning,Conservative,020 7219 3000,Tiverton and Honiton,
https://members.parliament.uk/member/4810/contact,Rob Roberts,Independent,0207 219 3000,Corby,
https://members.parliament.uk/member/4457/contact,Ms Marie Rimmer,Labour,020 7219 4847,Corby,https://twitter.com/MarieRimmerMP
https://members.parliament.uk/member/4840/contact,Angela Richardson,Conservative,0207 219 3000,Corby,
https://members.parliament.uk/member/4868/contact,Nicola Richards,Conservative,0207 219 6945,Corby,
https://members.parliament.uk/member/4764/contact,Bell Ribeiro-Addy,Labour,0207 219 6695,Corby,
https://members.parliament.uk/member/4119/contact,Jonathan Reynolds,Labour (Co-op),020 7219 7155,Corby,https://twitter.com/jreynoldsMP
https://members.parliament.uk/member/4031/contact,Rachel Reeves,Labour,020 7219 2898,Corby,https://twitter.com/RachelReevesMP
https://members.parliament.uk/member/4620/contact,Ellie Reeves,Labour,020 7219 2589,Corby,https://twitter.com/elliereeves
https://members.parliament.uk/member/4099/contact,Mr Jacob Rees-Mogg,Conservative,020 7219 7118,Corby,
https://members.parliament.uk/member/4525/contact,Christina Rees,Labour (Co-op),020 7219 5783,Corby,https://twitter.com/rees4neath
https://members.parliament.uk/member/4268/contact,Steve Reed,Labour (Co-op),020 7219 7297,Corby,https://twitter.com/SteveReedMP
https://members.parliament.uk/member/4356/contact,Angela Rayner,Labour,020 7219 8782,Corby,https://twitter.com/angelarayner
https://members.parliament.uk/member/14/contact,John Redwood,Conservative,020 7219 4205,Corby,https://twitter.com/johnredwood
https://members.parliament.uk/member/4845/contact,Tom Randall,Conservative,0207 219 6613,Corby,https://twitter.com/tom_randall
https://members.parliament.uk/member/4007/contact,Dominic Raab,Conservative,020 7219 7069,Corby,
https://members.parliament.uk/member/3924/contact,Yasmin Qureshi,Labour,020 7219 7019,Corby,https://twitter.com/YasminQureshiMP
https://members.parliament.uk/member/4014/contact,Alok Sharma,Conservative,020 7219 7131,Tewkesbury,https://twitter.com/AlokSharma_RDG
https://members.parliament.uk/member/1582/contact,Grant Shapps,Conservative,020 7219 8497,Tewkesbury,https://twitter.com/grantshapps
https://members.parliament.uk/member/4131/contact,Jim Shannon,Democratic Unionist Party,020 7219 7160,Tewkesbury,https://twitter.com/jimshannonmp
https://members.parliament.uk/member/4409/contact,Naz Shah,Labour,020 7219 8603,Tewkesbury,https://twitter.com/nazshahbfd
https://members.parliament.uk/member/1453/contact,Andrew Selous,Conservative,020 7219 8134,Tewkesbury,https://twitter.com/AndrewSelous
https://members.parliament.uk/member/4681/contact,Bob Seely,Conservative,0207 219 1840,Tewkesbury,https://twitter.com/IoWBobSeely
https://members.parliament.uk/member/4414/contact,Paul Scully,Conservative,020 7219 4837,Tewkesbury,https://twitter.com/scullyp
https://members.parliament.uk/member/4863/contact,Selaine Saxby,Conservative,020 7219 5952,Tewkesbury,https://twitter.com/SelaineSaxby
https://members.parliament.uk/member/4521/contact,Liz Saville Roberts,Plaid Cymru,020 7219 6876,Tewkesbury,https://twitter.com/lsrplaid
https://members.parliament.uk/member/4760/contact,Gary Sambrook,Conservative,0207 219 3000,Tewkesbury,
https://members.parliament.uk/member/4033/contact,David Rutley,Conservative,020 7219 7106,Tewkesbury,https://twitter.com/DavidRutleyMP
https://members.parliament.uk/member/4615/contact,Lloyd Russell-Moyle,Labour (Co-op),0207 219 2280,Tewkesbury,https://twitter.com/lloyd_rm
https://members.parliament.uk/member/4812/contact,Dean Russell,Conservative,0207 219 3000,Tewkesbury,
https://members.parliament.uk/member/4652/contact,Lee Rowley,Conservative,0207 219 4197,Tewkesbury,https://twitter.com/Lee4NED
https://members.parliament.uk/member/4627/contact,Douglas Ross,Conservative,020 7219 6342,Tewkesbury,https://twitter.com/Douglas4Moray
https://members.parliament.uk/member/1447/contact,Andrew Rosindell,Conservative,020 7219 8475,Tewkesbury,https://twitter.com/AndrewRosindell
https://members.parliament.uk/member/4372/contact,Amanda Solloway,Conservative,amanda.solloway.mp@parliament.uk,"Ealing, Southall",https://twitter.com/ASollowayUK
https://members.parliament.uk/member/4658/contact,Alex Sobel,Labour (Co-op),0207 219 8295,"Ealing, Southall",https://twitter.com/alexsobel
https://members.parliament.uk/member/4444/contact,Karin Smyth,Labour,karin.smyth.mp@parliament.uk,"Ealing, Southall",https://twitter.com/karinsmyth
https://members.parliament.uk/member/4478/contact,Royston Smith,Conservative,020 7219 5226,"Ealing, Southall",https://twitter.com/royston_smith
https://members.parliament.uk/member/3928/contact,Nick Smith,Labour,020 7219 7018,"Ealing, Southall",https://twitter.com/BlaenauGwentMP
https://members.parliament.uk/member/4118/contact,Julian Smith,Conservative,020 7219 7145,"Ealing, Southall",https://twitter.com/JulianSmithuk
https://members.parliament.uk/member/4456/contact,Jeff Smith,Labour,020 7219 5878,"Ealing, Southall",https://twitter.com/jeffsmithetc
https://members.parliament.uk/member/3960/contact,Henry Smith,Conservative,020 7219 7043,"Ealing, Southall",https://twitter.com/HenrySmithUK
https://members.parliament.uk/member/4778/contact,Greg Smith,Conservative,0207 219 4287,"Ealing, Southall",https://twitter.com/gregsmith_uk
https://members.parliament.uk/member/1609/contact,Chloe Smith,Conservative,020 7219 8449,"Ealing, Southall",https://twitter.com/NorwichChloe
https://members.parliament.uk/member/4436/contact,Cat Smith,Labour,020 7219 6001,"Ealing, Southall",https://twitter.com/CatSmithMP
https://members.parliament.uk/member/4738/contact,Alyn Smith,Scottish National Party,0207 219 3000,"Ealing, Southall",
https://members.parliament.uk/member/1516/contact,Andy Slaughter,Labour,020 7219 4990,"Ealing, Southall",https://twitter.com/hammersmithandy
https://members.parliament.uk/member/4021/contact,Chris Skidmore,Conservative,020 7219 7094,"Ealing, Southall",https://twitter.com/cskidmoremp
https://members.parliament.uk/member/4872/contact,David Simmonds,Conservative,0207 219 3000,"Ealing, Southall",
https://members.parliament.uk/member/4518/contact,Tulip Siddiq,Labour,020 7219 6276,"Ealing, Southall",https://twitter.com/tulipsiddiq
https://members.parliament.uk/member/4453/contact,Tommy Sheppard,Scottish National Party,020 7219 6653,"Ealing, Southall",https://twitter.com/tommysheppard
https://members.parliament.uk/member/4786/contact,Zarah Sultana,Labour,020 7219 3000,Warley,
https://members.parliament.uk/member/4079/contact,Julian Sturdy,Conservative,020 7219 7199,Warley,
https://members.parliament.uk/member/1482/contact,Graham Stuart,Conservative,020 7219 4340,Warley,https://twitter.com/grahamstuart
https://members.parliament.uk/member/449/contact,Graham Stringer,Labour,020 7219 5235,Warley,
https://members.parliament.uk/member/3935/contact,Mel Stride,Conservative,020 7219 7037,Warley,https://twitter.com/meljstride
https://members.parliament.uk/member/4504/contact,Wes Streeting,Labour,020 7219 6132,Warley,https://twitter.com/wesstreeting
https://members.parliament.uk/member/234/contact,Sir Gary Streeter,Conservative,020 7219 5033,Warley,
https://members.parliament.uk/member/4015/contact,Iain Stewart,Conservative,020 7219 7230,Warley,https://twitter.com/iainastewart
https://members.parliament.uk/member/4612/contact,Jamie Stone,Liberal Democrat,0207 219 1654,Warley,
https://members.parliament.uk/member/3919/contact,Bob Stewart,Conservative,020 7219 7011,Warley,
https://members.parliament.uk/member/3942/contact,John Stevenson,Conservative,020 7219 3000,Warley,https://twitter.com/JohnStevensonMP
https://members.parliament.uk/member/4750/contact,Jane Stevenson,Conservative,020 7219 3846,Warley,https://twitter.com/Jane_Stevenson_
https://members.parliament.uk/member/4425/contact,Jo Stevens,Labour,020 7219 8290,Warley,https://twitter.com/jostevenslabour
https://members.parliament.uk/member/4044/contact,Andrew Stephenson,Conservative,020 7219 7222,Warley,https://twitter.com/Andrew4Pendle
https://members.parliament.uk/member/4463/contact,Chris Stephens,Scottish National Party,020 7219 6381,Warley,https://twitter.com/ChrisStephens
https://members.parliament.uk/member/4514/contact,Keir Starmer,Labour,0345 092 2299,Warley,https://twitter.com/keir_starmer
https://members.parliament.uk/member/4509/contact,Craig Tracey,Conservative,020 7219 5646,Richmond (Yorks),https://twitter.com/craig4nwarks
https://members.parliament.uk/member/4497/contact,Michael Tomlinson,Conservative,020 7219 5844,Richmond (Yorks),https://twitter.com/michael4mdnp
https://members.parliament.uk/member/4105/contact,Justin Tomlinson,Conservative,020 7219 7167,Richmond (Yorks),https://twitter.com/JTomlinsonMP
https://members.parliament.uk/member/4487/contact,Kelly Tolhurst,Conservative,020 7219 5387,Richmond (Yorks),https://twitter.com/kellytolhurst
https://members.parliament.uk/member/1605/contact,Edward Timpson,Conservative,020 7219 3000,Richmond (Yorks),https://twitter.com/edwardtimpson
https://members.parliament.uk/member/163/contact,Stephen Timms,Labour,020 7219 4000,Richmond (Yorks),https://twitter.com/stephenctimms
https://members.parliament.uk/member/4447/contact,Maggie Throup,Conservative,020 7219 6571,Richmond (Yorks),https://twitter.com/maggie_erewash
https://members.parliament.uk/member/1536/contact,Emily Thornberry,Labour,020 7219 5676,Richmond (Yorks),https://twitter.com/EmilyThornberry
https://members.parliament.uk/member/4796/contact,Richard Thomson,Scottish National Party,020 3545 2236,Richmond (Yorks),https://twitter.com/rthomsonmp
https://members.parliament.uk/member/4482/contact,Owen Thompson,Scottish National Party,020 7219 3000,Richmond (Yorks),https://twitter.com/OwenThompson
https://members.parliament.uk/member/4479/contact,Nick Thomas-Symonds,Labour,020 7219 4294,Richmond (Yorks),https://twitter.com/nicktorfaenmp
https://members.parliament.uk/member/177/contact,Gareth Thomas,Labour (Co-op),020 7219 4243,Richmond (Yorks),https://twitter.com/GarethThomasMP
https://members.parliament.uk/member/4532/contact,Derek Thomas,Conservative,020 7219 4435,Richmond (Yorks),
https://members.parliament.uk/member/4430/contact,Alison Thewliss,Scottish National Party,020 7219 6447,Richmond (Yorks),https://twitter.com/alisonthewliss
https://members.parliament.uk/member/4829/contact,Sam Tarry,Labour,0207 219 3000,Richmond (Yorks),
https://members.parliament.uk/member/1383/contact,Mark Tami,Labour,020 7219 8174,Richmond (Yorks),https://twitter.com/MarkTamiMP
https://members.parliament.uk/member/4361/contact,Matt Warman,Conservative,020 7219 8643,Berwick-upon-Tweed,https://twitter.com/mattwarman
https://members.parliament.uk/member/4526/contact,David Warburton,Conservative,020 7219 5229,Berwick-upon-Tweed,https://twitter.com/djwarburton
https://members.parliament.uk/member/4766/contact,Dr Jamie Wallis,Conservative,0207 219 6762,Berwick-upon-Tweed,
https://members.parliament.uk/member/1539/contact,Mr Ben Wallace,Conservative,020 7219 5804,Berwick-upon-Tweed,https://twitter.com/BWallaceMP
https://members.parliament.uk/member/4091/contact,Mr Robin Walker,Conservative,020 7219 7196,Berwick-upon-Tweed,https://twitter.com/walkerworcester
https://members.parliament.uk/member/1493/contact,Sir Charles Walker,Conservative,020 7219 0338,Berwick-upon-Tweed,
https://members.parliament.uk/member/1500/contact,Theresa Villiers,Conservative,020 8449 7345,Berwick-upon-Tweed,
https://members.parliament.uk/member/4871/contact,Christian Wakeford,Conservative,020 7219 6437,Berwick-upon-Tweed,
https://members.parliament.uk/member/4844/contact,Matt Vickers,Conservative,0207 219 3723,Berwick-upon-Tweed,
https://members.parliament.uk/member/3957/contact,Martin Vickers,Conservative,020 7219 7212,Berwick-upon-Tweed,https://twitter.com/martinvickers
https://members.parliament.uk/member/4076/contact,Valerie Vaz,Labour,020 7219 2237,Berwick-upon-Tweed,https://twitter.com/Valerie_VazMP
https://members.parliament.uk/member/1496/contact,Shailesh Vara,Conservative,020 7219 6050,Berwick-upon-Tweed,
https://members.parliament.uk/member/4618/contact,Liz Twist,Labour,0207 219 2221,Berwick-upon-Tweed,
https://members.parliament.uk/member/429/contact,Derek Twigg,Labour,020 7219 1039,Berwick-upon-Tweed,https://twitter.com/DerekTwiggMP
https://members.parliament.uk/member/4030/contact,Karl Turner,Labour,020 7219 7088,Berwick-upon-Tweed,https://twitter.com/KarlTurnerMP
https://members.parliament.uk/member/4462/contact,Tom Tugendhat,Conservative,020 7219 4727,Berwick-upon-Tweed,https://twitter.com/tomtugendhat
https://members.parliament.uk/member/1593/contact,Sammy Wilson,Democratic Unionist Party,020 7219 8523,Clacton,https://twitter.com/eastantrimmp
https://members.parliament.uk/member/4776/contact,Munira Wilson,Liberal Democrat,020 7219 6474,Clacton,https://twitter.com/munirawilson
https://members.parliament.uk/member/4108/contact,Gavin Williamson,Conservative,020 7219 7245,Clacton,https://twitter.com/GWilliamsonMP
https://members.parliament.uk/member/1397/contact,Hywel Williams,Plaid Cymru,020 7219 8150,Clacton,https://twitter.com/hywelplaidcymru
https://members.parliament.uk/member/4438/contact,Craig Williams,Conservative,020 7219 5134,Clacton,https://twitter.com/craig4monty
https://members.parliament.uk/member/4787/contact,James Wild,Conservative,0207 219 3000,Clacton,
https://members.parliament.uk/member/1428/contact,Bill Wiggin,Conservative,020 7219 8175,Clacton,
https://members.parliament.uk/member/4869/contact,Nadia Whittome,Labour,0207 219 3000,Clacton,
https://members.parliament.uk/member/39/contact,Mr John Whittingdale,Conservative,020 7219 3557,Clacton,https://twitter.com/jwhittingdale
https://members.parliament.uk/member/3940/contact,Craig Whittaker,Conservative,020 7219 7031,Clacton,https://twitter.com/CWhittakerMP
https://members.parliament.uk/member/4755/contact,Mick Whitley,Labour,0207 219 3000,Clacton,
https://members.parliament.uk/member/4385/contact,Dr Philippa Whitford,Scottish National Party,020 7219 8158,Clacton,https://twitter.com/Dr_PhilippaW
https://members.parliament.uk/member/62/contact,Dr Alan Whitehead,Labour,020 7219 5517,Clacton,https://twitter.com/alanwhiteheadmp
https://members.parliament.uk/member/4053/contact,Mrs Heather Wheeler,Conservative,heather.wheeler.mp@parliament.uk,Clacton,https://twitter.com/HeatherWheeler
https://members.parliament.uk/member/4527/contact,Helen Whately,Conservative,020 7219 6472,Clacton,https://twitter.com/helen_whately
https://members.parliament.uk/member/4382/contact,Daniel Zeichner,Labour,020 7219 8462,Cynon Valley,https://twitter.com/danielzeichner
https://members.parliament.uk/member/4617/contact,Matt Western,Labour,0207 219 2051,Clacton,https://twitter.com/mattwestern_
https://members.parliament.uk/member/4113/contact,Nadhim Zahawi,Conservative,020 7219 7159,Cynon Valley,https://twitter.com/nadhimzahawi
https://members.parliament.uk/member/4825/contact,Jacob Young,Conservative,0207 219 3936,Cynon Valley,https://twitter.com/jacobyoungmp
https://members.parliament.uk/member/4598/contact,Mohammad Yasin,Labour,0207 219 1513,Cynon Valley,
https://members.parliament.uk/member/1560/contact,Jeremy Wright,Conservative,020 7219 2008,Cynon Valley,
https://members.parliament.uk/member/4429/contact,Mr William Wragg,Conservative,0207 219 6258,Cynon Valley,https://twitter.com/william_wragg
https://members.parliament.uk/member/1440/contact,Pete Wishart,Scottish National Party,020 7219 8303,Cynon Valley,https://twitter.com/PeteWishart
https://members.parliament.uk/member/4384/contact,Mike Wood,Conservative,020 7219 6982,Cynon Valley,https://twitter.com/mikejwood
https://members.parliament.uk/member/390/contact,Dame Rosie Winterton,Labour,020 7219 3000,Cynon Valley,
https://members.parliament.uk/member/4809/contact,Beth Winter,Labour,0207 219 3000,Cynon Valley,
https://members.parliament.uk/member/4523/contact,Catherine West,Labour,020 7219 6141,Clacton,https://twitter.com/catherinewest1
https://members.parliament.uk/member/4848/contact,Claudia Webbe,Independent,0207 219 3000,Clacton,https://twitter.com/ClaudiaWebbe
https://members.parliament.uk/member/4802/contact,Suzanne Webb,Conservative,0207 219 3000,Clacton,https://twitter.com/Q66Suzi
https://members.parliament.uk/member/4677/contact,Giles Watling,Conservative,0207 219 0795,Clacton,https://twitter.com/GilesWatling
https://members.parliament.uk/member/4097/contact,Elizabeth Truss,Conservative,020 7219 7151,Berwick-upon-Tweed,https://twitter.com/trussliz
https://members.parliament.uk/member/4780/contact,Laura Trott,Conservative,020 7219 6898,Berwick-upon-Tweed,
https://members.parliament.uk/member/410/contact,Jon Trickett,Labour,020 7219 5074,Berwick-upon-Tweed,https://twitter.com/jon_trickett
https://members.parliament.uk/member/4531/contact,Anne-Marie Trevelyan,Conservative,020 7219 4437,Berwick-upon-Tweed,https://twitter.com/annietrev
https://members.parliament.uk/member/245/contact,Sir Robert Syms,Conservative,020 7219 4601,Richmond (Yorks),https://twitter.com/robertsymsMP
https://members.parliament.uk/member/55/contact,Sir Desmond Swayne,Conservative,020 7219 4886,Richmond (Yorks),https://twitter.com/DesmondSwayne
https://members.parliament.uk/member/4767/contact,James Sunderland,Conservative,0207 219 5032,Richmond (Yorks),https://twitter.com/jamessunderl
https://members.parliament.uk/member/4483/contact,Rishi Sunak,Conservative,020 7219 5437,Richmond (Yorks),
https://members.parliament.uk/member/4866/contact,Alexander Stafford,Conservative,0207 219 6376,Warley,https://twitter.com/Alex_Stafford
https://members.parliament.uk/member/4055/contact,Mark Spencer,Conservative,020 7219 7143,Warley,https://twitter.com/Mark_Spencer
https://members.parliament.uk/member/4785/contact,Dr Ben Spencer,Conservative,0207 219 6783,Warley,https://twitter.com/DrBenSpencer
https://members.parliament.uk/member/318/contact,John Spellar,Labour,020 7219 0674,Warley,https://twitter.com/spellar
https://members.parliament.uk/member/3997/contact,Alec Shelbrooke,Conservative,020 7219 3000,"Ealing, Southall",https://twitter.com/AlecShelbrooke
https://members.parliament.uk/member/411/contact,Mr Barry Sheerman,Labour (Co-op),020 7219 5037,"Ealing, Southall",https://twitter.com/BarrySheerman
https://members.parliament.uk/member/1604/contact,Mr Virendra Sharma,Labour,020 7219 6080,"Ealing, Southall",https://twitter.com/VirendraSharma
https://members.parliament.uk/member/4654/contact,Matt Rodda,Labour,0207 219 3980,Tewkesbury,
https://members.parliament.uk/member/4406/contact,Mary Robinson,Conservative,020 7219 8091,Tewkesbury,https://twitter.com/maryrobinson01
https://members.parliament.uk/member/4360/contact,Gavin Robinson,Democratic Unionist Party,02890 473111,Tewkesbury,https://twitter.com/grobinsondup
https://members.parliament.uk/member/253/contact,Mr Laurence Robertson,Conservative,020 7219 4196,Tewkesbury,
https://members.parliament.uk/member/4423/contact,Will Quince,Conservative,020 7219 8049,Corby,https://twitter.com/willquince
https://members.parliament.uk/member/4507/contact,Jeremy Quin,Conservative,020 7219 6341,Corby,
https://members.parliament.uk/member/4917/contact,Anum Qaisar-Javed,Scottish National Party,0207 219 3000,Corby,https://twitter.com/AnumQaisarJaved
https://members.parliament.uk/member/4369/contact,Tom Pursglove,Conservative,020 7219 8043,Corby,https://twitter.com/votepursglove
https://members.parliament.uk/member/4052/contact,Mark Pawsey,Conservative,020 7219 7136,Tiverton and Honiton,https://twitter.com/MarkPawsey
https://members.parliament.uk/member/274/contact,Mr Owen Paterson,Conservative,020 7219 5185,Tiverton and Honiton,https://twitter.com/OwenPaterson
https://members.parliament.uk/member/4066/contact,Priti Patel,Conservative,020 7219 3528,Tiverton and Honiton,https://twitter.com/pritipatel
https://members.parliament.uk/member/4072/contact,Neil Parish,Conservative,020 7219 7172,Tiverton and Honiton,https://twitter.com/neil_parish
https://members.parliament.uk/member/4415/contact,John Nicolson,Scottish National Party,020 7219 3000,Paisley and Renfrewshire North,https://twitter.com/mrjohnnicolson
https://members.parliament.uk/member/4851/contact,Lia Nici,Conservative,020 7219 6196,Paisley and Renfrewshire North,
https://members.parliament.uk/member/4799/contact,Charlotte Nichols,Labour,0207 219 3000,Paisley and Renfrewshire North,https://twitter.com/charlotte2153
https://members.parliament.uk/member/4420/contact,Gavin Newlands,Scottish National Party,020 7219 5583,Paisley and Renfrewshire North,https://twitter.com/GavNewlandsSNP
https://members.parliament.uk/member/1548/contact,Jessica Morden,Labour,020 7219 6213,Oxford West and Abingdon,https://twitter.com/jessicamordenmp
https://members.parliament.uk/member/4017/contact,Penny Mordaunt,Conservative,penny.mordaunt.mp@parliament.uk,Oxford West and Abingdon,https://twitter.com/PennyMordaunt
https://members.parliament.uk/member/4656/contact,Layla Moran,Liberal Democrat,0207 219 3905,Oxford West and Abingdon,https://twitter.com/laylamoran
https://members.parliament.uk/member/4000/contact,Ian Mearns,Labour,020 7219 7074,Falkirk,https://twitter.com/IanMearnsMP
https://members.parliament.uk/member/4084/contact,Esther McVey,Conservative,020 7219 3226,Falkirk,
https://members.parliament.uk/member/4093/contact,Stephen McPartland,Conservative,020 7219 7156,Falkirk,https://twitter.com/SMcPartlandMP
https://members.parliament.uk/member/4424/contact,John McNally,Scottish National Party,020 7219 6525,Falkirk,https://twitter.com/JohnMcNallySNP
https://members.parliament.uk/member/3926/contact,Paul Maynard,Conservative,020 7219 7017,City of Chester,https://twitter.com/PaulMaynardMP
https://members.parliament.uk/member/4739/contact,Jerome Mayhew,Conservative,0207 219 3000,City of Chester,https://twitter.com/jeromemayhew
https://members.parliament.uk/member/8/contact,Mrs Theresa May,Conservative,020 7219 5206,City of Chester,https://twitter.com/theresa_may
https://members.parliament.uk/member/4408/contact,Christian Matheson,Labour,020 7219 8078,City of Chester,https://twitter.com/chrism4chester
https://members.parliament.uk/member/4472/contact,Holly Lynch,Labour,020 7219 6277,Woking,https://twitter.com/hollylynch5
https://members.parliament.uk/member/3930/contact,Caroline Lucas,Green Party,020 7219 7025,Woking,https://twitter.com/CarolineLucas
https://members.parliament.uk/member/114/contact,Tim Loughton,Conservative,020 7219 4471,Woking,https://twitter.com/timloughton
https://members.parliament.uk/member/345/contact,Sir Edward Leigh,Conservative,020 7219 6480,Dundee West,https://twitter.com/EdwardLeighMP
https://members.parliament.uk/member/4090/contact,Mr Jonathan Lord,Conservative,020 7219 6913,Woking,
https://members.parliament.uk/member/4117/contact,Andrea Leadsom,Conservative,020 7219 7149,Dundee West,https://twitter.com/andrealeadsom
https://members.parliament.uk/member/4923/contact,Kim Leadbeater,Labour,020 7219 4594,Dundee West,https://twitter.com/kimleadbeater
https://members.parliament.uk/member/4403/contact,Chris Law,Scottish National Party,chris.law.mp@parliament.uk,Dundee West,https://twitter.com/chrislawsnp
https://members.parliament.uk/member/4680/contact,Gillian Keegan,Conservative,0207 219 1193,Wythenshawe and Sale East,https://twitter.com/GillianKeegan
https://members.parliament.uk/member/4805/contact,Alicia Kearns,Conservative,020 7219 3000,Wythenshawe and Sale East,
https://members.parliament.uk/member/1566/contact,Daniel Kawczynski,Conservative,020 7219 6249,Wythenshawe and Sale East,https://twitter.com/DKShrewsbury
https://members.parliament.uk/member/4316/contact,Mike Kane,Labour,020 7219 7524,Wythenshawe and Sale East,https://twitter.com/MikeKaneMP
https://members.parliament.uk/member/4320/contact,Robert Jenrick,Conservative,020 7219 7335,Harwich and North Essex,https://twitter.com/RobertJenrick
https://members.parliament.uk/member/4490/contact,Andrea Jenkyns,Conservative,020 7219 5798,Harwich and North Essex,https://twitter.com/andreajenkyns
https://members.parliament.uk/member/4752/contact,Mark Jenkinson,Conservative,0207 219 3000,Harwich and North Essex,https://twitter.com/markjenkinsonmp
https://members.parliament.uk/member/40/contact,Sir Bernard Jenkin,Conservative,020 7219 4029,Harwich and North Essex,https://twitter.com/bernardjenkin
https://members.parliament.uk/member/481/contact,Sir George Howarth,Labour,020 7219 6902,Eastleigh,
https://members.parliament.uk/member/1514/contact,Stewart Hosie,Scottish National Party,020 7219 8164,Eastleigh,https://twitter.com/StewartHosieMP
https://members.parliament.uk/member/4873/contact,Rachel Hopkins,Labour,0207 219 8424,Eastleigh,https://twitter.com/rach_hopkins
https://members.parliament.uk/member/4803/contact,Paul Holmes,Conservative,0207 219 3000,Eastleigh,https://twitter.com/pauljholmes
https://members.parliament.uk/member/3977/contact,Chris Heaton-Harris,Conservative,020 7219 7048,North East Hertfordshire,https://twitter.com/chhcalling
https://members.parliament.uk/member/4528/contact,James Heappey,Conservative,020 7219 0694,North East Hertfordshire,https://twitter.com/jsheappey
https://members.parliament.uk/member/400/contact,John Healey,Labour,020 7219 6359,North East Hertfordshire,https://twitter.com/JohnHealey_MP
https://members.parliament.uk/member/69/contact,Sir Oliver Heald,Conservative,Oliver.heald.mp@parliament.uk,North East Hertfordshire,https://twitter.com/oliverhealdmp
https://members.parliament.uk/member/415/contact,Fabian Hamilton,Labour,020 7219 3493,"Sheffield, Heeley",
https://members.parliament.uk/member/3985/contact,Robert Halfon,Conservative,020 7219 7223,"Sheffield, Heeley",https://twitter.com/halfon4harlowMP
https://members.parliament.uk/member/4450/contact,Luke Hall,Conservative,020 7219 4741,"Sheffield, Heeley",https://twitter.com/LukeHall
https://members.parliament.uk/member/4473/contact,Louise Haigh,Labour,0207 219 5255,"Sheffield, Heeley",https://twitter.com/louhaigh
https://members.parliament.uk/member/3990/contact,Richard Graham,Conservative,020 7219 7077,Scarborough and Whitby,https://twitter.com/RichardGrahamUK
https://members.parliament.uk/member/4432/contact,Patrick Grady,Scottish National Party,020 7219 6398,Scarborough and Whitby,https://twitter.com/gradysnp
https://members.parliament.uk/member/1571/contact,Michael Gove,Conservative,020 7219 6804,Scarborough and Whitby,
https://members.parliament.uk/member/1562/contact,Mr Robert Goodwill,Conservative,020 7219 8268,Scarborough and Whitby,
https://members.parliament.uk/member/4020/contact,George Freeman,Conservative,020 7219 1940,Rayleigh and Wickford,https://twitter.com/GeorgeFreemanMP
https://members.parliament.uk/member/4517/contact,Lucy Frazer,Conservative,020 7219 5082,Rayleigh and Wickford,
https://members.parliament.uk/member/1444/contact,Mr Mark Francois,Conservative,020 7219 8287,Rayleigh and Wickford,
https://members.parliament.uk/member/1591/contact,Tim Farron,Liberal Democrat,020 7219 8498,Milton Keynes North,https://twitter.com/timfarron
https://members.parliament.uk/member/4826/contact,Laura Farris,Conservative,0207 219 3000,Milton Keynes North,
https://members.parliament.uk/member/280/contact,Michael Fabricant,Conservative,020 7219 5022,Milton Keynes North,https://twitter.com/Mike_Fabricant
https://members.parliament.uk/member/4836/contact,Ben Everitt,Conservative,0207 219 5898,Milton Keynes North,
https://members.parliament.uk/member/4846/contact,Colum Eastwood,Social Democratic & Labour Party,0207 219 3000,Ludlow,
https://members.parliament.uk/member/483/contact,Maria Eagle,Labour,020 7219 0551,Ludlow,https://twitter.com/meaglemp
https://members.parliament.uk/member/491/contact,Dame Angela Eagle,Labour,020 7219 5057,Ludlow,https://twitter.com/angelaeagle
https://members.parliament.uk/member/1542/contact,Philip Dunne,Conservative,020 7219 2388,Ludlow,https://twitter.com/dunne4ludlow
https://members.parliament.uk/member/650/contact,Sir Jeffrey M Donaldson,Democratic Unionist Party,020 7219 3407,Aldershot,https://twitter.com/J_Donaldson_MP
https://members.parliament.uk/member/4657/contact,Anneliese Dodds,Labour (Co-op),0207 219 2705,Aldershot,
https://members.parliament.uk/member/4374/contact,Martin Docherty-Hughes,Scottish National Party,020 7219 4609,Aldershot,https://twitter.com/martinjdocherty
https://members.parliament.uk/member/4600/contact,Leo Docherty,Conservative,0207 219 1833/6298,Aldershot,https://twitter.com/LeoDochertyUK
https://members.parliament.uk/member/1398/contact,Wayne David,Labour,020 7219 8152,Lewisham East,https://twitter.com/WayneDavid_MP
https://members.parliament.uk/member/4854/contact,James Daly,Conservative,0207 219 3000,Lewisham East,
https://members.parliament.uk/member/188/contact,Ed Davey,Liberal Democrat,020 7219 4530,Lewisham East,
https://members.parliament.uk/member/4698/contact,Janet Daby,Labour,janet.daby.mp@parliament.uk,Lewisham East,https://twitter.com/JanetDaby
https://members.parliament.uk/member/1538/contact,Rosie Cooper,Labour,01695 570094,Folkestone and Hythe,https://twitter.com/rosie4westlancs
https://members.parliament.uk/member/4769/contact,Daisy Cooper,Liberal Democrat,020 7219 8568,Folkestone and Hythe,
https://members.parliament.uk/member/3986/contact,Damian Collins,Conservative,020 7219 7072,Folkestone and Hythe,https://twitter.com/DamianCollins
https://members.parliament.uk/member/4267/contact,Sarah Champion,Labour,01709 331035/331036,Lewes,https://twitter.com/SarahChampionMP
https://members.parliament.uk/member/4765/contact,Wendy Chamberlain,Liberal Democrat,0207 219 4409,Lewes,https://twitter.com/wendychambld
https://members.parliament.uk/member/4481/contact,Alex Chalk,Conservative,020 7219 8087,Lewes,https://twitter.com/alexchalkchelt
https://members.parliament.uk/member/4492/contact,Maria Caulfield,Conservative,020 7219 5946,Lewes,https://twitter.com/mariacaulfield
https://members.parliament.uk/member/3922/contact,Conor Burns,Conservative,020 7219 7021,South Swindon,https://twitter.com/ConorBurnsUK
https://members.parliament.uk/member/4493/contact,Richard Burgon,Labour,020 7219 5980,South Swindon,https://twitter.com/richardburgon
https://members.parliament.uk/member/4613/contact,Alex Burghart,Conservative,0207 219 1613,South Swindon,https://twitter.com/alexburghart
https://members.parliament.uk/member/4106/contact,Robert Buckland,Conservative,020 7219 7168,South Swindon,https://twitter.com/RobertBuckland
https://members.parliament.uk/member/4373/contact,Mickey Brady,Sinn Féin,020 7219 5775,Exeter,https://twitter.com/mickeybrady4mp
https://members.parliament.uk/member/435/contact,Sir Graham Brady,Conservative,020 7219 1260,Exeter,
https://members.parliament.uk/member/230/contact,Mr Ben Bradshaw,Labour,020 7219 6597,Exeter,https://twitter.com/BenPBradshaw
https://members.parliament.uk/member/4793/contact,Scott Benton,Conservative,0207 219 3000,Newcastle-under-Lyme,https://twitter.com/ScottBentonMP
https://members.parliament.uk/member/413/contact,Hilary Benn,Labour,020 7219 5770,Newcastle-under-Lyme,https://twitter.com/hilarybennmp
https://members.parliament.uk/member/4837/contact,Aaron Bell,Conservative,020 7219 5610,Newcastle-under-Lyme,
https://members.parliament.uk/member/4362/contact,Edward Argar,Conservative,020 7219 8140,Charnwood,
